[
    {
        "Age": "37",
        "Sex": "0",
        "CPT": "4",
        "RBP": "106",
        "SC": "223",
        "FBS": "0",
        "RER": "0",
        "MHRA": "142",
        "EIA": "0",
        "Oldpeak": "0.3",
        "SoP": "1",
        "NoMV": "2",
        "Thal": "3",
        "Group": "1"
    },
    {
        "Age": "39",
        "Sex": "1",
        "CPT": "4",
        "RBP": "122",
        "SC": "222",
        "FBS": "0",
        "RER": "2",
        "MHRA": "186",
        "EIA": "0",
        "Oldpeak": "0",
        "SoP": "1",
        "NoMV": "0",
        "Thal": "3",
        "Group": "1"
    },
    {
        "Age": "40",
        "Sex": "0",
        "CPT": "4",
        "RBP": "124",
        "SC": "209",
        "FBS": "0",
        "RER": "0",
        "MHRA": "163",
        "EIA": "0",
        "Oldpeak": "0",
        "SoP": "1",
        "NoMV": "0",
        "Thal": "3",
        "Group": "1"
    },
    {
        "Age": "41",
        "Sex": "1",
        "CPT": "3",
        "RBP": "140",
        "SC": "211",
        "FBS": "1",
        "RER": "2",
        "MHRA": "165",
        "EIA": "0",
        "Oldpeak": "0",
        "SoP": "1",
        "NoMV": "0",
        "Thal": "3",
        "Group": "1"
    },
    {
        "Age": "41",
        "Sex": "1",
        "CPT": "4",
        "RBP": "140",
        "SC": "261",
        "FBS": "0",
        "RER": "2",
        "MHRA": "186",
        "EIA": "1",
        "Oldpeak": "0",
        "SoP": "1",
        "NoMV": "0",
        "Thal": "3",
        "Group": "1"
    },
    {
        "Age": "42",
        "Sex": "0",
        "CPT": "3",
        "RBP": "94",
        "SC": "199",
        "FBS": "0",
        "RER": "0",
        "MHRA": "179",
        "EIA": "0",
        "Oldpeak": "0",
        "SoP": "1",
        "NoMV": "0",
        "Thal": "3",
        "Group": "1"
    },
    {
        "Age": "42",
        "Sex": "1",
        "CPT": "3",
        "RBP": "130",
        "SC": "233",
        "FBS": "0",
        "RER": "0",
        "MHRA": "179",
        "EIA": "1",
        "Oldpeak": "0.4",
        "SoP": "1",
        "NoMV": "0",
        "Thal": "3",
        "Group": "1"
    },
    {
        "Age": "42",
        "Sex": "1",
        "CPT": "3",
        "RBP": "150",
        "SC": "126",
        "FBS": "1",
        "RER": "0",
        "MHRA": "173",
        "EIA": "0",
        "Oldpeak": "0.2",
        "SoP": "1",
        "NoMV": "1",
        "Thal": "7",
        "Group": "1"
    },
    {
        "Age": "43",
        "Sex": "0",
        "CPT": "2",
        "RBP": "140",
        "SC": "195",
        "FBS": "0",
        "RER": "0",
        "MHRA": "179",
        "EIA": "0",
        "Oldpeak": "0",
        "SoP": "1",
        "NoMV": "2",
        "Thal": "3",
        "Group": "1"
    },
    {
        "Age": "44",
        "Sex": "0",
        "CPT": "4",
        "RBP": "138",
        "SC": "243",
        "FBS": "0",
        "RER": "2",
        "MHRA": "152",
        "EIA": "1",
        "Oldpeak": "0",
        "SoP": "2",
        "NoMV": "0",
        "Thal": "3",
        "Group": "1"
    },
    {
        "Age": "44",
        "Sex": "0",
        "CPT": "3",
        "RBP": "140",
        "SC": "313",
        "FBS": "0",
        "RER": "0",
        "MHRA": "133",
        "EIA": "0",
        "Oldpeak": "0.2",
        "SoP": "1",
        "NoMV": "0",
        "Thal": "7",
        "Group": "1"
    },
    {
        "Age": "44",
        "Sex": "1",
        "CPT": "4",
        "RBP": "135",
        "SC": "234",
        "FBS": "0",
        "RER": "0",
        "MHRA": "161",
        "EIA": "0",
        "Oldpeak": "0.5",
        "SoP": "2",
        "NoMV": "0",
        "Thal": "7",
        "Group": "1"
    },
    {
        "Age": "44",
        "Sex": "1",
        "CPT": "1",
        "RBP": "140",
        "SC": "199",
        "FBS": "0",
        "RER": "0",
        "MHRA": "178",
        "EIA": "1",
        "Oldpeak": "1.4",
        "SoP": "1",
        "NoMV": "0",
        "Thal": "7",
        "Group": "1"
    },
    {
        "Age": "45",
        "Sex": "1",
        "CPT": "3",
        "RBP": "130",
        "SC": "180",
        "FBS": "0",
        "RER": "0",
        "MHRA": "150",
        "EIA": "0",
        "Oldpeak": "0",
        "SoP": "1",
        "NoMV": "0",
        "Thal": "3",
        "Group": "1"
    },
    {
        "Age": "46",
        "Sex": "0",
        "CPT": "1",
        "RBP": "150",
        "SC": "240",
        "FBS": "0",
        "RER": "0",
        "MHRA": "171",
        "EIA": "0",
        "Oldpeak": "0.9",
        "SoP": "1",
        "NoMV": "0",
        "Thal": "3",
        "Group": "1"
    },
    {
        "Age": "46",
        "Sex": "0",
        "CPT": "2",
        "RBP": "120",
        "SC": "244",
        "FBS": "0",
        "RER": "0",
        "MHRA": "162",
        "EIA": "0",
        "Oldpeak": "1.1",
        "SoP": "1",
        "NoMV": "0",
        "Thal": "3",
        "Group": "1"
    },
    {
        "Age": "47",
        "Sex": "0",
        "CPT": "2",
        "RBP": "130",
        "SC": "234",
        "FBS": "0",
        "RER": "2",
        "MHRA": "175",
        "EIA": "0",
        "Oldpeak": "0.6",
        "SoP": "2",
        "NoMV": "0",
        "Thal": "3",
        "Group": "1"
    },
    {
        "Age": "48",
        "Sex": "0",
        "CPT": "3",
        "RBP": "140",
        "SC": "417",
        "FBS": "1",
        "RER": "2",
        "MHRA": "157",
        "EIA": "0",
        "Oldpeak": "0.8",
        "SoP": "1",
        "NoMV": "1",
        "Thal": "3",
        "Group": "1"
    },
    {
        "Age": "48",
        "Sex": "0",
        "CPT": "3",
        "RBP": "120",
        "SC": "178",
        "FBS": "1",
        "RER": "0",
        "MHRA": "96",
        "EIA": "0",
        "Oldpeak": "0",
        "SoP": "1",
        "NoMV": "0",
        "Thal": "3",
        "Group": "1"
    },
    {
        "Age": "48",
        "Sex": "0",
        "CPT": "3",
        "RBP": "120",
        "SC": "209",
        "FBS": "0",
        "RER": "0",
        "MHRA": "173",
        "EIA": "0",
        "Oldpeak": "0",
        "SoP": "2",
        "NoMV": "0",
        "Thal": "3",
        "Group": "1"
    },
    {
        "Age": "50",
        "Sex": "1",
        "CPT": "3",
        "RBP": "130",
        "SC": "214",
        "FBS": "0",
        "RER": "2",
        "MHRA": "168",
        "EIA": "0",
        "Oldpeak": "2",
        "SoP": "2",
        "NoMV": "0",
        "Thal": "3",
        "Group": "1"
    },
    {
        "Age": "51",
        "Sex": "0",
        "CPT": "3",
        "RBP": "118",
        "SC": "242",
        "FBS": "0",
        "RER": "0",
        "MHRA": "149",
        "EIA": "0",
        "Oldpeak": "0.3",
        "SoP": "2",
        "NoMV": "1",
        "Thal": "3",
        "Group": "1"
    },
    {
        "Age": "51",
        "Sex": "1",
        "CPT": "1",
        "RBP": "110",
        "SC": "211",
        "FBS": "0",
        "RER": "2",
        "MHRA": "144",
        "EIA": "1",
        "Oldpeak": "1.8",
        "SoP": "2",
        "NoMV": "0",
        "Thal": "3",
        "Group": "1"
    },
    {
        "Age": "53",
        "Sex": "0",
        "CPT": "3",
        "RBP": "130",
        "SC": "275",
        "FBS": "0",
        "RER": "0",
        "MHRA": "139",
        "EIA": "0",
        "Oldpeak": "0.2",
        "SoP": "1",
        "NoMV": "0",
        "Thal": "3",
        "Group": "1"
    },
    {
        "Age": "54",
        "Sex": "0",
        "CPT": "2",
        "RBP": "105",
        "SC": "198",
        "FBS": "0",
        "RER": "0",
        "MHRA": "168",
        "EIA": "0",
        "Oldpeak": "0",
        "SoP": "1",
        "NoMV": "1",
        "Thal": "3",
        "Group": "1"
    },
    {
        "Age": "56",
        "Sex": "1",
        "CPT": "2",
        "RBP": "101",
        "SC": "197",
        "FBS": "1",
        "RER": "0",
        "MHRA": "156",
        "EIA": "0",
        "Oldpeak": "0",
        "SoP": "1",
        "NoMV": "0",
        "Thal": "7",
        "Group": "1"
    },
    {
        "Age": "56",
        "Sex": "1",
        "CPT": "2",
        "RBP": "128",
        "SC": "208",
        "FBS": "1",
        "RER": "2",
        "MHRA": "140",
        "EIA": "0",
        "Oldpeak": "0",
        "SoP": "1",
        "NoMV": "0",
        "Thal": "3",
        "Group": "1"
    },
    {
        "Age": "57",
        "Sex": "0",
        "CPT": "3",
        "RBP": "120",
        "SC": "295",
        "FBS": "0",
        "RER": "2",
        "MHRA": "157",
        "EIA": "0",
        "Oldpeak": "0.6",
        "SoP": "1",
        "NoMV": "0",
        "Thal": "3",
        "Group": "1"
    },
    {
        "Age": "57",
        "Sex": "1",
        "CPT": "4",
        "RBP": "120",
        "SC": "177",
        "FBS": "0",
        "RER": "0",
        "MHRA": "140",
        "EIA": "0",
        "Oldpeak": "0.4",
        "SoP": "1",
        "NoMV": "0",
        "Thal": "7",
        "Group": "1"
    },
    {
        "Age": "57",
        "Sex": "1",
        "CPT": "2",
        "RBP": "130",
        "SC": "245",
        "FBS": "0",
        "RER": "2",
        "MHRA": "180",
        "EIA": "0",
        "Oldpeak": "0.2",
        "SoP": "2",
        "NoMV": "0",
        "Thal": "3",
        "Group": "1"
    },
    {
        "Age": "57",
        "Sex": "1",
        "CPT": "2",
        "RBP": "128",
        "SC": "205",
        "FBS": "1",
        "RER": "0",
        "MHRA": "184",
        "EIA": "0",
        "Oldpeak": "0",
        "SoP": "1",
        "NoMV": "0",
        "Thal": "3",
        "Group": "1"
    },
    {
        "Age": "57",
        "Sex": "1",
        "CPT": "1",
        "RBP": "148",
        "SC": "244",
        "FBS": "0",
        "RER": "2",
        "MHRA": "178",
        "EIA": "0",
        "Oldpeak": "0.8",
        "SoP": "1",
        "NoMV": "2",
        "Thal": "3",
        "Group": "1"
    },
    {
        "Age": "59",
        "Sex": "0",
        "CPT": "2",
        "RBP": "132",
        "SC": "288",
        "FBS": "1",
        "RER": "2",
        "MHRA": "159",
        "EIA": "1",
        "Oldpeak": "0",
        "SoP": "1",
        "NoMV": "1",
        "Thal": "3",
        "Group": "1"
    },
    {
        "Age": "59",
        "Sex": "1",
        "CPT": "1",
        "RBP": "145",
        "SC": "233",
        "FBS": "1",
        "RER": "2",
        "MHRA": "150",
        "EIA": "0",
        "Oldpeak": "2.3",
        "SoP": "3",
        "NoMV": "0",
        "Thal": "6",
        "Group": "1"
    },
    {
        "Age": "59",
        "Sex": "1",
        "CPT": "2",
        "RBP": "156",
        "SC": "245",
        "FBS": "0",
        "RER": "2",
        "MHRA": "143",
        "EIA": "0",
        "Oldpeak": "0",
        "SoP": "1",
        "NoMV": "0",
        "Thal": "3",
        "Group": "1"
    },
    {
        "Age": "59",
        "Sex": "1",
        "CPT": "1",
        "RBP": "178",
        "SC": "270",
        "FBS": "0",
        "RER": "2",
        "MHRA": "145",
        "EIA": "0",
        "Oldpeak": "4.2",
        "SoP": "3",
        "NoMV": "0",
        "Thal": "7",
        "Group": "1"
    },
    {
        "Age": "60",
        "Sex": "1",
        "CPT": "4",
        "RBP": "128",
        "SC": "263",
        "FBS": "0",
        "RER": "0",
        "MHRA": "105",
        "EIA": "1",
        "Oldpeak": "0.2",
        "SoP": "2",
        "NoMV": "1",
        "Thal": "7",
        "Group": "1"
    },
    {
        "Age": "60",
        "Sex": "1",
        "CPT": "4",
        "RBP": "142",
        "SC": "226",
        "FBS": "0",
        "RER": "2",
        "MHRA": "111",
        "EIA": "1",
        "Oldpeak": "0",
        "SoP": "1",
        "NoMV": "0",
        "Thal": "7",
        "Group": "1"
    },
    {
        "Age": "60",
        "Sex": "1",
        "CPT": "2",
        "RBP": "140",
        "SC": "221",
        "FBS": "0",
        "RER": "0",
        "MHRA": "164",
        "EIA": "1",
        "Oldpeak": "0",
        "SoP": "1",
        "NoMV": "0",
        "Thal": "3",
        "Group": "1"
    },
    {
        "Age": "62",
        "Sex": "0",
        "CPT": "2",
        "RBP": "126",
        "SC": "306",
        "FBS": "0",
        "RER": "0",
        "MHRA": "163",
        "EIA": "0",
        "Oldpeak": "0",
        "SoP": "1",
        "NoMV": "0",
        "Thal": "3",
        "Group": "1"
    },
    {
        "Age": "62",
        "Sex": "1",
        "CPT": "3",
        "RBP": "120",
        "SC": "226",
        "FBS": "0",
        "RER": "0",
        "MHRA": "169",
        "EIA": "0",
        "Oldpeak": "0",
        "SoP": "1",
        "NoMV": "0",
        "Thal": "3",
        "Group": "1"
    },
    {
        "Age": "63",
        "Sex": "1",
        "CPT": "3",
        "RBP": "140",
        "SC": "235",
        "FBS": "0",
        "RER": "2",
        "MHRA": "180",
        "EIA": "0",
        "Oldpeak": "0",
        "SoP": "1",
        "NoMV": "0",
        "Thal": "3",
        "Group": "1"
    },
    {
        "Age": "63",
        "Sex": "1",
        "CPT": "4",
        "RBP": "120",
        "SC": "302",
        "FBS": "0",
        "RER": "2",
        "MHRA": "151",
        "EIA": "0",
        "Oldpeak": "0.4",
        "SoP": "2",
        "NoMV": "0",
        "Thal": "3",
        "Group": "1"
    },
    {
        "Age": "64",
        "Sex": "0",
        "CPT": "2",
        "RBP": "120",
        "SC": "269",
        "FBS": "0",
        "RER": "2",
        "MHRA": "121",
        "EIA": "1",
        "Oldpeak": "0.2",
        "SoP": "1",
        "NoMV": "1",
        "Thal": "3",
        "Group": "1"
    },
    {
        "Age": "64",
        "Sex": "0",
        "CPT": "3",
        "RBP": "120",
        "SC": "215",
        "FBS": "0",
        "RER": "0",
        "MHRA": "170",
        "EIA": "0",
        "Oldpeak": "0",
        "SoP": "1",
        "NoMV": "0",
        "Thal": "3",
        "Group": "1"
    },
    {
        "Age": "64",
        "Sex": "1",
        "CPT": "2",
        "RBP": "120",
        "SC": "236",
        "FBS": "0",
        "RER": "0",
        "MHRA": "178",
        "EIA": "0",
        "Oldpeak": "0.8",
        "SoP": "1",
        "NoMV": "0",
        "Thal": "3",
        "Group": "1"
    },
    {
        "Age": "65",
        "Sex": "0",
        "CPT": "4",
        "RBP": "112",
        "SC": "149",
        "FBS": "0",
        "RER": "0",
        "MHRA": "125",
        "EIA": "0",
        "Oldpeak": "1.6",
        "SoP": "2",
        "NoMV": "0",
        "Thal": "3",
        "Group": "1"
    },
    {
        "Age": "66",
        "Sex": "0",
        "CPT": "3",
        "RBP": "140",
        "SC": "197",
        "FBS": "0",
        "RER": "1",
        "MHRA": "116",
        "EIA": "0",
        "Oldpeak": "1.1",
        "SoP": "2",
        "NoMV": "0",
        "Thal": "3",
        "Group": "1"
    },
    {
        "Age": "66",
        "Sex": "1",
        "CPT": "4",
        "RBP": "104",
        "SC": "208",
        "FBS": "0",
        "RER": "2",
        "MHRA": "148",
        "EIA": "1",
        "Oldpeak": "3",
        "SoP": "2",
        "NoMV": "0",
        "Thal": "3",
        "Group": "1"
    },
    {
        "Age": "67",
        "Sex": "0",
        "CPT": "3",
        "RBP": "115",
        "SC": "564",
        "FBS": "0",
        "RER": "2",
        "MHRA": "160",
        "EIA": "0",
        "Oldpeak": "1.6",
        "SoP": "2",
        "NoMV": "0",
        "Thal": "7",
        "Group": "1"
    },
    {
        "Age": "67",
        "Sex": "1",
        "CPT": "4",
        "RBP": "160",
        "SC": "228",
        "FBS": "0",
        "RER": "2",
        "MHRA": "138",
        "EIA": "0",
        "Oldpeak": "2.3",
        "SoP": "1",
        "NoMV": "0",
        "Thal": "6",
        "Group": "1"
    },
    {
        "Age": "70",
        "Sex": "1",
        "CPT": "4",
        "RBP": "115",
        "SC": "303",
        "FBS": "0",
        "RER": "0",
        "MHRA": "181",
        "EIA": "0",
        "Oldpeak": "1.2",
        "SoP": "2",
        "NoMV": "0",
        "Thal": "3",
        "Group": "1"
    },
    {
        "Age": "70",
        "Sex": "1",
        "CPT": "4",
        "RBP": "110",
        "SC": "201",
        "FBS": "0",
        "RER": "0",
        "MHRA": "126",
        "EIA": "1",
        "Oldpeak": "1.5",
        "SoP": "2",
        "NoMV": "0",
        "Thal": "6",
        "Group": "1"
    },
    {
        "Age": "71",
        "Sex": "0",
        "CPT": "3",
        "RBP": "110",
        "SC": "265",
        "FBS": "1",
        "RER": "2",
        "MHRA": "130",
        "EIA": "0",
        "Oldpeak": "0",
        "SoP": "1",
        "NoMV": "1",
        "Thal": "3",
        "Group": "1"
    },
    {
        "Age": "71",
        "Sex": "0",
        "CPT": "4",
        "RBP": "120",
        "SC": "354",
        "FBS": "0",
        "RER": "0",
        "MHRA": "163",
        "EIA": "1",
        "Oldpeak": "0.6",
        "SoP": "1",
        "NoMV": "0",
        "Thal": "3",
        "Group": "1"
    },
    {
        "Age": "74",
        "Sex": "0",
        "CPT": "4",
        "RBP": "128",
        "SC": "303",
        "FBS": "0",
        "RER": "2",
        "MHRA": "159",
        "EIA": "0",
        "Oldpeak": "0",
        "SoP": "1",
        "NoMV": "1",
        "Thal": "3",
        "Group": "1"
    },
    {
        "Age": "76",
        "Sex": "1",
        "CPT": "4",
        "RBP": "112",
        "SC": "204",
        "FBS": "0",
        "RER": "0",
        "MHRA": "143",
        "EIA": "0",
        "Oldpeak": "0.1",
        "SoP": "1",
        "NoMV": "0",
        "Thal": "3",
        "Group": "1"
    },
    {
        "Age": "35",
        "Sex": "1",
        "CPT": "4",
        "RBP": "146",
        "SC": "218",
        "FBS": "0",
        "RER": "0",
        "MHRA": "105",
        "EIA": "0",
        "Oldpeak": "2",
        "SoP": "2",
        "NoMV": "1",
        "Thal": "7",
        "Group": "2"
    },
    {
        "Age": "40",
        "Sex": "1",
        "CPT": "4",
        "RBP": "170",
        "SC": "326",
        "FBS": "0",
        "RER": "2",
        "MHRA": "140",
        "EIA": "1",
        "Oldpeak": "3.4",
        "SoP": "3",
        "NoMV": "0",
        "Thal": "7",
        "Group": "2"
    },
    {
        "Age": "41",
        "Sex": "0",
        "CPT": "4",
        "RBP": "130",
        "SC": "330",
        "FBS": "0",
        "RER": "2",
        "MHRA": "169",
        "EIA": "0",
        "Oldpeak": "0",
        "SoP": "1",
        "NoMV": "0",
        "Thal": "3",
        "Group": "2"
    },
    {
        "Age": "42",
        "Sex": "1",
        "CPT": "3",
        "RBP": "126",
        "SC": "218",
        "FBS": "1",
        "RER": "0",
        "MHRA": "134",
        "EIA": "0",
        "Oldpeak": "2.2",
        "SoP": "2",
        "NoMV": "1",
        "Thal": "6",
        "Group": "2"
    },
    {
        "Age": "44",
        "Sex": "1",
        "CPT": "4",
        "RBP": "140",
        "SC": "207",
        "FBS": "0",
        "RER": "2",
        "MHRA": "138",
        "EIA": "1",
        "Oldpeak": "1.9",
        "SoP": "1",
        "NoMV": "1",
        "Thal": "7",
        "Group": "2"
    },
    {
        "Age": "45",
        "Sex": "0",
        "CPT": "2",
        "RBP": "136",
        "SC": "319",
        "FBS": "1",
        "RER": "2",
        "MHRA": "152",
        "EIA": "0",
        "Oldpeak": "0",
        "SoP": "1",
        "NoMV": "2",
        "Thal": "3",
        "Group": "2"
    },
    {
        "Age": "45",
        "Sex": "1",
        "CPT": "4",
        "RBP": "120",
        "SC": "260",
        "FBS": "0",
        "RER": "0",
        "MHRA": "140",
        "EIA": "1",
        "Oldpeak": "3.6",
        "SoP": "2",
        "NoMV": "1",
        "Thal": "7",
        "Group": "2"
    },
    {
        "Age": "46",
        "Sex": "1",
        "CPT": "2",
        "RBP": "124",
        "SC": "261",
        "FBS": "0",
        "RER": "0",
        "MHRA": "141",
        "EIA": "0",
        "Oldpeak": "0.3",
        "SoP": "1",
        "NoMV": "0",
        "Thal": "7",
        "Group": "2"
    },
    {
        "Age": "47",
        "Sex": "1",
        "CPT": "4",
        "RBP": "150",
        "SC": "276",
        "FBS": "0",
        "RER": "2",
        "MHRA": "112",
        "EIA": "1",
        "Oldpeak": "0.6",
        "SoP": "2",
        "NoMV": "1",
        "Thal": "6",
        "Group": "2"
    },
    {
        "Age": "47",
        "Sex": "1",
        "CPT": "4",
        "RBP": "110",
        "SC": "275",
        "FBS": "0",
        "RER": "2",
        "MHRA": "118",
        "EIA": "1",
        "Oldpeak": "1",
        "SoP": "2",
        "NoMV": "1",
        "Thal": "3",
        "Group": "2"
    },
    {
        "Age": "48",
        "Sex": "1",
        "CPT": "4",
        "RBP": "120",
        "SC": "229",
        "FBS": "0",
        "RER": "2",
        "MHRA": "129",
        "EIA": "1",
        "Oldpeak": "2.6",
        "SoP": "2",
        "NoMV": "2",
        "Thal": "7",
        "Group": "2"
    },
    {
        "Age": "49",
        "Sex": "1",
        "CPT": "4",
        "RBP": "130",
        "SC": "256",
        "FBS": "1",
        "RER": "2",
        "MHRA": "150",
        "EIA": "1",
        "Oldpeak": "0",
        "SoP": "1",
        "NoMV": "2",
        "Thal": "7",
        "Group": "2"
    },
    {
        "Age": "50",
        "Sex": "1",
        "CPT": "4",
        "RBP": "140",
        "SC": "203",
        "FBS": "1",
        "RER": "2",
        "MHRA": "155",
        "EIA": "1",
        "Oldpeak": "3.1",
        "SoP": "3",
        "NoMV": "0",
        "Thal": "7",
        "Group": "2"
    },
    {
        "Age": "50",
        "Sex": "1",
        "CPT": "4",
        "RBP": "150",
        "SC": "270",
        "FBS": "0",
        "RER": "2",
        "MHRA": "111",
        "EIA": "1",
        "Oldpeak": "0.8",
        "SoP": "1",
        "NoMV": "0",
        "Thal": "7",
        "Group": "2"
    },
    {
        "Age": "51",
        "Sex": "1",
        "CPT": "4",
        "RBP": "136",
        "SC": "315",
        "FBS": "0",
        "RER": "0",
        "MHRA": "125",
        "EIA": "1",
        "Oldpeak": "1.8",
        "SoP": "2",
        "NoMV": "0",
        "Thal": "6",
        "Group": "2"
    },
    {
        "Age": "52",
        "Sex": "0",
        "CPT": "4",
        "RBP": "150",
        "SC": "225",
        "FBS": "0",
        "RER": "2",
        "MHRA": "114",
        "EIA": "0",
        "Oldpeak": "1",
        "SoP": "2",
        "NoMV": "3",
        "Thal": "7",
        "Group": "2"
    },
    {
        "Age": "52",
        "Sex": "1",
        "CPT": "4",
        "RBP": "125",
        "SC": "212",
        "FBS": "0",
        "RER": "0",
        "MHRA": "168",
        "EIA": "0",
        "Oldpeak": "1",
        "SoP": "1",
        "NoMV": "2",
        "Thal": "7",
        "Group": "2"
    },
    {
        "Age": "53",
        "Sex": "1",
        "CPT": "3",
        "RBP": "130",
        "SC": "256",
        "FBS": "1",
        "RER": "2",
        "MHRA": "142",
        "EIA": "1",
        "Oldpeak": "0.6",
        "SoP": "2",
        "NoMV": "1",
        "Thal": "6",
        "Group": "2"
    },
    {
        "Age": "54",
        "Sex": "1",
        "CPT": "4",
        "RBP": "124",
        "SC": "266",
        "FBS": "0",
        "RER": "2",
        "MHRA": "109",
        "EIA": "1",
        "Oldpeak": "2.2",
        "SoP": "2",
        "NoMV": "1",
        "Thal": "7",
        "Group": "2"
    },
    {
        "Age": "54",
        "Sex": "1",
        "CPT": "4",
        "RBP": "110",
        "SC": "206",
        "FBS": "0",
        "RER": "2",
        "MHRA": "108",
        "EIA": "1",
        "Oldpeak": "0",
        "SoP": "2",
        "NoMV": "1",
        "Thal": "3",
        "Group": "2"
    },
    {
        "Age": "57",
        "Sex": "1",
        "CPT": "1",
        "RBP": "134",
        "SC": "234",
        "FBS": "0",
        "RER": "0",
        "MHRA": "145",
        "EIA": "0",
        "Oldpeak": "2.6",
        "SoP": "2",
        "NoMV": "2",
        "Thal": "3",
        "Group": "2"
    },
    {
        "Age": "57",
        "Sex": "1",
        "CPT": "4",
        "RBP": "138",
        "SC": "166",
        "FBS": "0",
        "RER": "2",
        "MHRA": "125",
        "EIA": "1",
        "Oldpeak": "3.6",
        "SoP": "2",
        "NoMV": "1",
        "Thal": "3",
        "Group": "2"
    },
    {
        "Age": "58",
        "Sex": "0",
        "CPT": "4",
        "RBP": "150",
        "SC": "407",
        "FBS": "0",
        "RER": "2",
        "MHRA": "154",
        "EIA": "0",
        "Oldpeak": "4",
        "SoP": "2",
        "NoMV": "3",
        "Thal": "7",
        "Group": "2"
    },
    {
        "Age": "58",
        "Sex": "1",
        "CPT": "4",
        "RBP": "140",
        "SC": "293",
        "FBS": "0",
        "RER": "2",
        "MHRA": "170",
        "EIA": "0",
        "Oldpeak": "1.2",
        "SoP": "2",
        "NoMV": "2",
        "Thal": "7",
        "Group": "2"
    },
    {
        "Age": "58",
        "Sex": "1",
        "CPT": "2",
        "RBP": "120",
        "SC": "281",
        "FBS": "0",
        "RER": "2",
        "MHRA": "103",
        "EIA": "0",
        "Oldpeak": "1.4",
        "SoP": "2",
        "NoMV": "1",
        "Thal": "7",
        "Group": "2"
    },
    {
        "Age": "58",
        "Sex": "1",
        "CPT": "4",
        "RBP": "142",
        "SC": "309",
        "FBS": "0",
        "RER": "2",
        "MHRA": "147",
        "EIA": "1",
        "Oldpeak": "0",
        "SoP": "2",
        "NoMV": "3",
        "Thal": "7",
        "Group": "2"
    },
    {
        "Age": "58",
        "Sex": "1",
        "CPT": "4",
        "RBP": "120",
        "SC": "198",
        "FBS": "0",
        "RER": "0",
        "MHRA": "130",
        "EIA": "1",
        "Oldpeak": "1.6",
        "SoP": "2",
        "NoMV": "0",
        "Thal": "7",
        "Group": "2"
    },
    {
        "Age": "58",
        "Sex": "1",
        "CPT": "4",
        "RBP": "100",
        "SC": "234",
        "FBS": "0",
        "RER": "0",
        "MHRA": "156",
        "EIA": "0",
        "Oldpeak": "0.1",
        "SoP": "1",
        "NoMV": "1",
        "Thal": "7",
        "Group": "2"
    },
    {
        "Age": "59",
        "Sex": "1",
        "CPT": "4",
        "RBP": "140",
        "SC": "311",
        "FBS": "0",
        "RER": "0",
        "MHRA": "120",
        "EIA": "1",
        "Oldpeak": "1.8",
        "SoP": "2",
        "NoMV": "2",
        "Thal": "7",
        "Group": "2"
    },
    {
        "Age": "59",
        "Sex": "1",
        "CPT": "3",
        "RBP": "128",
        "SC": "229",
        "FBS": "0",
        "RER": "2",
        "MHRA": "150",
        "EIA": "0",
        "Oldpeak": "0.4",
        "SoP": "2",
        "NoMV": "1",
        "Thal": "7",
        "Group": "2"
    },
    {
        "Age": "59",
        "Sex": "1",
        "CPT": "4",
        "RBP": "144",
        "SC": "200",
        "FBS": "0",
        "RER": "2",
        "MHRA": "126",
        "EIA": "1",
        "Oldpeak": "0.9",
        "SoP": "2",
        "NoMV": "0",
        "Thal": "7",
        "Group": "2"
    },
    {
        "Age": "59",
        "Sex": "1",
        "CPT": "4",
        "RBP": "110",
        "SC": "197",
        "FBS": "0",
        "RER": "2",
        "MHRA": "177",
        "EIA": "0",
        "Oldpeak": "0",
        "SoP": "1",
        "NoMV": "1",
        "Thal": "3",
        "Group": "2"
    },
    {
        "Age": "61",
        "Sex": "1",
        "CPT": "4",
        "RBP": "130",
        "SC": "322",
        "FBS": "0",
        "RER": "2",
        "MHRA": "109",
        "EIA": "0",
        "Oldpeak": "2.4",
        "SoP": "2",
        "NoMV": "3",
        "Thal": "3",
        "Group": "2"
    },
    {
        "Age": "61",
        "Sex": "1",
        "CPT": "3",
        "RBP": "112",
        "SC": "230",
        "FBS": "0",
        "RER": "2",
        "MHRA": "165",
        "EIA": "0",
        "Oldpeak": "2.5",
        "SoP": "2",
        "NoMV": "1",
        "Thal": "7",
        "Group": "2"
    },
    {
        "Age": "61",
        "Sex": "1",
        "CPT": "3",
        "RBP": "118",
        "SC": "149",
        "FBS": "0",
        "RER": "2",
        "MHRA": "126",
        "EIA": "0",
        "Oldpeak": "0.8",
        "SoP": "1",
        "NoMV": "3",
        "Thal": "3",
        "Group": "2"
    },
    {
        "Age": "61",
        "Sex": "1",
        "CPT": "3",
        "RBP": "108",
        "SC": "243",
        "FBS": "0",
        "RER": "0",
        "MHRA": "152",
        "EIA": "0",
        "Oldpeak": "0",
        "SoP": "1",
        "NoMV": "0",
        "Thal": "3",
        "Group": "2"
    },
    {
        "Age": "61",
        "Sex": "1",
        "CPT": "4",
        "RBP": "150",
        "SC": "243",
        "FBS": "0",
        "RER": "2",
        "MHRA": "128",
        "EIA": "0",
        "Oldpeak": "2.6",
        "SoP": "2",
        "NoMV": "0",
        "Thal": "7",
        "Group": "2"
    },
    {
        "Age": "62",
        "Sex": "1",
        "CPT": "2",
        "RBP": "160",
        "SC": "246",
        "FBS": "0",
        "RER": "0",
        "MHRA": "120",
        "EIA": "1",
        "Oldpeak": "0",
        "SoP": "2",
        "NoMV": "3",
        "Thal": "6",
        "Group": "2"
    },
    {
        "Age": "63",
        "Sex": "0",
        "CPT": "4",
        "RBP": "130",
        "SC": "305",
        "FBS": "0",
        "RER": "0",
        "MHRA": "142",
        "EIA": "1",
        "Oldpeak": "1.2",
        "SoP": "2",
        "NoMV": "0",
        "Thal": "7",
        "Group": "2"
    },
    {
        "Age": "65",
        "Sex": "0",
        "CPT": "4",
        "RBP": "174",
        "SC": "249",
        "FBS": "0",
        "RER": "0",
        "MHRA": "143",
        "EIA": "1",
        "Oldpeak": "0",
        "SoP": "2",
        "NoMV": "0",
        "Thal": "3",
        "Group": "2"
    },
    {
        "Age": "65",
        "Sex": "1",
        "CPT": "4",
        "RBP": "152",
        "SC": "223",
        "FBS": "0",
        "RER": "0",
        "MHRA": "181",
        "EIA": "0",
        "Oldpeak": "0",
        "SoP": "1",
        "NoMV": "0",
        "Thal": "7",
        "Group": "2"
    },
    {
        "Age": "66",
        "Sex": "1",
        "CPT": "1",
        "RBP": "160",
        "SC": "273",
        "FBS": "0",
        "RER": "2",
        "MHRA": "125",
        "EIA": "0",
        "Oldpeak": "0",
        "SoP": "1",
        "NoMV": "0",
        "Thal": "3",
        "Group": "2"
    },
    {
        "Age": "67",
        "Sex": "1",
        "CPT": "4",
        "RBP": "110",
        "SC": "239",
        "FBS": "0",
        "RER": "2",
        "MHRA": "142",
        "EIA": "1",
        "Oldpeak": "1.2",
        "SoP": "2",
        "NoMV": "1",
        "Thal": "7",
        "Group": "2"
    },
    {
        "Age": "44",
        "Sex": "0",
        "CPT": "3",
        "RBP": "108",
        "SC": "141",
        "FBS": "0",
        "RER": "0",
        "MHRA": "175",
        "EIA": "0",
        "Oldpeak": "0.6",
        "SoP": "2",
        "NoMV": "0",
        "Thal": "3",
        "Group": "1"
    },
    {
        "Age": "67",
        "Sex": "1",
        "CPT": "4",
        "RBP": "120",
        "SC": "237",
        "FBS": "0",
        "RER": "0",
        "MHRA": "71",
        "EIA": "0",
        "Oldpeak": "1",
        "SoP": "2",
        "NoMV": "0",
        "Thal": "3",
        "Group": "2"
    },
    {
        "Age": "49",
        "Sex": "0",
        "CPT": "4",
        "RBP": "130",
        "SC": "269",
        "FBS": "0",
        "RER": "0",
        "MHRA": "163",
        "EIA": "0",
        "Oldpeak": "0",
        "SoP": "1",
        "NoMV": "0",
        "Thal": "3",
        "Group": "1"
    },
    {
        "Age": "57",
        "Sex": "1",
        "CPT": "4",
        "RBP": "165",
        "SC": "289",
        "FBS": "1",
        "RER": "2",
        "MHRA": "124",
        "EIA": "0",
        "Oldpeak": "1",
        "SoP": "2",
        "NoMV": "3",
        "Thal": "7",
        "Group": "2"
    },
    {
        "Age": "63",
        "Sex": "1",
        "CPT": "4",
        "RBP": "130",
        "SC": "254",
        "FBS": "0",
        "RER": "2",
        "MHRA": "147",
        "EIA": "0",
        "Oldpeak": "1.4",
        "SoP": "2",
        "NoMV": "1",
        "Thal": "7",
        "Group": "2"
    },
    {
        "Age": "48",
        "Sex": "1",
        "CPT": "4",
        "RBP": "124",
        "SC": "274",
        "FBS": "0",
        "RER": "2",
        "MHRA": "166",
        "EIA": "0",
        "Oldpeak": "0.5",
        "SoP": "2",
        "NoMV": "0",
        "Thal": "7",
        "Group": "2"
    },
    {
        "Age": "51",
        "Sex": "1",
        "CPT": "3",
        "RBP": "100",
        "SC": "222",
        "FBS": "0",
        "RER": "0",
        "MHRA": "143",
        "EIA": "1",
        "Oldpeak": "1.2",
        "SoP": "2",
        "NoMV": "0",
        "Thal": "3",
        "Group": "1"
    },
    {
        "Age": "60",
        "Sex": "0",
        "CPT": "4",
        "RBP": "150",
        "SC": "258",
        "FBS": "0",
        "RER": "2",
        "MHRA": "157",
        "EIA": "0",
        "Oldpeak": "2.6",
        "SoP": "2",
        "NoMV": "2",
        "Thal": "7",
        "Group": "2"
    },
    {
        "Age": "59",
        "Sex": "1",
        "CPT": "4",
        "RBP": "140",
        "SC": "177",
        "FBS": "0",
        "RER": "0",
        "MHRA": "162",
        "EIA": "1",
        "Oldpeak": "0",
        "SoP": "1",
        "NoMV": "1",
        "Thal": "7",
        "Group": "2"
    },
    {
        "Age": "45",
        "Sex": "0",
        "CPT": "2",
        "RBP": "112",
        "SC": "160",
        "FBS": "0",
        "RER": "0",
        "MHRA": "138",
        "EIA": "0",
        "Oldpeak": "0",
        "SoP": "2",
        "NoMV": "0",
        "Thal": "3",
        "Group": "1"
    },
    {
        "Age": "55",
        "Sex": "0",
        "CPT": "4",
        "RBP": "180",
        "SC": "327",
        "FBS": "0",
        "RER": "1",
        "MHRA": "117",
        "EIA": "1",
        "Oldpeak": "3.4",
        "SoP": "2",
        "NoMV": "0",
        "Thal": "3",
        "Group": "2"
    },
    {
        "Age": "41",
        "Sex": "1",
        "CPT": "2",
        "RBP": "110",
        "SC": "235",
        "FBS": "0",
        "RER": "0",
        "MHRA": "153",
        "EIA": "0",
        "Oldpeak": "0",
        "SoP": "1",
        "NoMV": "0",
        "Thal": "3",
        "Group": "1"
    },
    {
        "Age": "60",
        "Sex": "0",
        "CPT": "4",
        "RBP": "158",
        "SC": "305",
        "FBS": "0",
        "RER": "2",
        "MHRA": "161",
        "EIA": "0",
        "Oldpeak": "0",
        "SoP": "1",
        "NoMV": "0",
        "Thal": "3",
        "Group": "2"
    },
    {
        "Age": "54",
        "Sex": "0",
        "CPT": "3",
        "RBP": "135",
        "SC": "304",
        "FBS": "1",
        "RER": "0",
        "MHRA": "170",
        "EIA": "0",
        "Oldpeak": "0",
        "SoP": "1",
        "NoMV": "0",
        "Thal": "3",
        "Group": "1"
    },
    {
        "Age": "42",
        "Sex": "1",
        "CPT": "2",
        "RBP": "120",
        "SC": "295",
        "FBS": "0",
        "RER": "0",
        "MHRA": "162",
        "EIA": "0",
        "Oldpeak": "0",
        "SoP": "1",
        "NoMV": "0",
        "Thal": "3",
        "Group": "1"
    },
    {
        "Age": "49",
        "Sex": "0",
        "CPT": "2",
        "RBP": "134",
        "SC": "271",
        "FBS": "0",
        "RER": "0",
        "MHRA": "162",
        "EIA": "0",
        "Oldpeak": "0",
        "SoP": "2",
        "NoMV": "0",
        "Thal": "3",
        "Group": "1"
    },
    {
        "Age": "46",
        "Sex": "1",
        "CPT": "4",
        "RBP": "120",
        "SC": "249",
        "FBS": "0",
        "RER": "2",
        "MHRA": "144",
        "EIA": "0",
        "Oldpeak": "0.8",
        "SoP": "1",
        "NoMV": "0",
        "Thal": "7",
        "Group": "2"
    },
    {
        "Age": "56",
        "Sex": "0",
        "CPT": "4",
        "RBP": "200",
        "SC": "288",
        "FBS": "1",
        "RER": "2",
        "MHRA": "133",
        "EIA": "1",
        "Oldpeak": "4",
        "SoP": "3",
        "NoMV": "2",
        "Thal": "7",
        "Group": "2"
    },
    {
        "Age": "66",
        "Sex": "0",
        "CPT": "1",
        "RBP": "150",
        "SC": "226",
        "FBS": "0",
        "RER": "0",
        "MHRA": "114",
        "EIA": "0",
        "Oldpeak": "2.6",
        "SoP": "3",
        "NoMV": "0",
        "Thal": "3",
        "Group": "1"
    },
    {
        "Age": "56",
        "Sex": "1",
        "CPT": "4",
        "RBP": "130",
        "SC": "283",
        "FBS": "1",
        "RER": "2",
        "MHRA": "103",
        "EIA": "1",
        "Oldpeak": "1.6",
        "SoP": "3",
        "NoMV": "0",
        "Thal": "7",
        "Group": "2"
    },
    {
        "Age": "49",
        "Sex": "1",
        "CPT": "3",
        "RBP": "120",
        "SC": "188",
        "FBS": "0",
        "RER": "0",
        "MHRA": "139",
        "EIA": "0",
        "Oldpeak": "2",
        "SoP": "2",
        "NoMV": "3",
        "Thal": "7",
        "Group": "2"
    },
    {
        "Age": "54",
        "Sex": "1",
        "CPT": "4",
        "RBP": "122",
        "SC": "286",
        "FBS": "0",
        "RER": "2",
        "MHRA": "116",
        "EIA": "1",
        "Oldpeak": "3.2",
        "SoP": "2",
        "NoMV": "2",
        "Thal": "3",
        "Group": "2"
    },
    {
        "Age": "57",
        "Sex": "1",
        "CPT": "4",
        "RBP": "152",
        "SC": "274",
        "FBS": "0",
        "RER": "0",
        "MHRA": "88",
        "EIA": "1",
        "Oldpeak": "1.2",
        "SoP": "2",
        "NoMV": "1",
        "Thal": "7",
        "Group": "2"
    },
    {
        "Age": "65",
        "Sex": "0",
        "CPT": "3",
        "RBP": "160",
        "SC": "360",
        "FBS": "0",
        "RER": "2",
        "MHRA": "151",
        "EIA": "0",
        "Oldpeak": "0.8",
        "SoP": "1",
        "NoMV": "0",
        "Thal": "3",
        "Group": "1"
    },
    {
        "Age": "54",
        "Sex": "1",
        "CPT": "3",
        "RBP": "125",
        "SC": "273",
        "FBS": "0",
        "RER": "2",
        "MHRA": "152",
        "EIA": "0",
        "Oldpeak": "0.5",
        "SoP": "3",
        "NoMV": "1",
        "Thal": "3",
        "Group": "1"
    },
    {
        "Age": "54",
        "Sex": "0",
        "CPT": "3",
        "RBP": "160",
        "SC": "201",
        "FBS": "0",
        "RER": "0",
        "MHRA": "163",
        "EIA": "0",
        "Oldpeak": "0",
        "SoP": "1",
        "NoMV": "1",
        "Thal": "3",
        "Group": "1"
    },
    {
        "Age": "62",
        "Sex": "1",
        "CPT": "4",
        "RBP": "120",
        "SC": "267",
        "FBS": "0",
        "RER": "0",
        "MHRA": "99",
        "EIA": "1",
        "Oldpeak": "1.8",
        "SoP": "2",
        "NoMV": "2",
        "Thal": "7",
        "Group": "2"
    },
    {
        "Age": "52",
        "Sex": "0",
        "CPT": "3",
        "RBP": "136",
        "SC": "196",
        "FBS": "0",
        "RER": "2",
        "MHRA": "169",
        "EIA": "0",
        "Oldpeak": "0.1",
        "SoP": "2",
        "NoMV": "0",
        "Thal": "3",
        "Group": "1"
    },
    {
        "Age": "52",
        "Sex": "1",
        "CPT": "2",
        "RBP": "134",
        "SC": "201",
        "FBS": "0",
        "RER": "0",
        "MHRA": "158",
        "EIA": "0",
        "Oldpeak": "0.8",
        "SoP": "1",
        "NoMV": "1",
        "Thal": "3",
        "Group": "1"
    },
    {
        "Age": "60",
        "Sex": "1",
        "CPT": "4",
        "RBP": "117",
        "SC": "230",
        "FBS": "1",
        "RER": "0",
        "MHRA": "160",
        "EIA": "1",
        "Oldpeak": "1.4",
        "SoP": "1",
        "NoMV": "2",
        "Thal": "7",
        "Group": "2"
    },
    {
        "Age": "63",
        "Sex": "0",
        "CPT": "4",
        "RBP": "108",
        "SC": "269",
        "FBS": "0",
        "RER": "0",
        "MHRA": "169",
        "EIA": "1",
        "Oldpeak": "1.8",
        "SoP": "2",
        "NoMV": "2",
        "Thal": "3",
        "Group": "2"
    },
    {
        "Age": "66",
        "Sex": "1",
        "CPT": "4",
        "RBP": "112",
        "SC": "212",
        "FBS": "0",
        "RER": "2",
        "MHRA": "132",
        "EIA": "1",
        "Oldpeak": "0.1",
        "SoP": "1",
        "NoMV": "1",
        "Thal": "3",
        "Group": "2"
    },
    {
        "Age": "42",
        "Sex": "1",
        "CPT": "4",
        "RBP": "140",
        "SC": "226",
        "FBS": "0",
        "RER": "0",
        "MHRA": "178",
        "EIA": "0",
        "Oldpeak": "0",
        "SoP": "1",
        "NoMV": "0",
        "Thal": "3",
        "Group": "1"
    },
    {
        "Age": "64",
        "Sex": "1",
        "CPT": "4",
        "RBP": "120",
        "SC": "246",
        "FBS": "0",
        "RER": "2",
        "MHRA": "96",
        "EIA": "1",
        "Oldpeak": "2.2",
        "SoP": "3",
        "NoMV": "1",
        "Thal": "3",
        "Group": "2"
    },
    {
        "Age": "54",
        "Sex": "1",
        "CPT": "3",
        "RBP": "150",
        "SC": "232",
        "FBS": "0",
        "RER": "2",
        "MHRA": "165",
        "EIA": "0",
        "Oldpeak": "1.6",
        "SoP": "1",
        "NoMV": "0",
        "Thal": "7",
        "Group": "1"
    },
    {
        "Age": "46",
        "Sex": "0",
        "CPT": "3",
        "RBP": "142",
        "SC": "177",
        "FBS": "0",
        "RER": "2",
        "MHRA": "160",
        "EIA": "1",
        "Oldpeak": "1.4",
        "SoP": "3",
        "NoMV": "0",
        "Thal": "3",
        "Group": "1"
    },
    {
        "Age": "67",
        "Sex": "0",
        "CPT": "3",
        "RBP": "152",
        "SC": "277",
        "FBS": "0",
        "RER": "0",
        "MHRA": "172",
        "EIA": "0",
        "Oldpeak": "0",
        "SoP": "1",
        "NoMV": "1",
        "Thal": "3",
        "Group": "1"
    },
    {
        "Age": "56",
        "Sex": "1",
        "CPT": "4",
        "RBP": "125",
        "SC": "249",
        "FBS": "1",
        "RER": "2",
        "MHRA": "144",
        "EIA": "1",
        "Oldpeak": "1.2",
        "SoP": "2",
        "NoMV": "1",
        "Thal": "3",
        "Group": "2"
    },
    {
        "Age": "34",
        "Sex": "0",
        "CPT": "2",
        "RBP": "118",
        "SC": "210",
        "FBS": "0",
        "RER": "0",
        "MHRA": "192",
        "EIA": "0",
        "Oldpeak": "0.7",
        "SoP": "1",
        "NoMV": "0",
        "Thal": "3",
        "Group": "1"
    },
    {
        "Age": "57",
        "Sex": "1",
        "CPT": "4",
        "RBP": "132",
        "SC": "207",
        "FBS": "0",
        "RER": "0",
        "MHRA": "168",
        "EIA": "1",
        "Oldpeak": "0",
        "SoP": "1",
        "NoMV": "0",
        "Thal": "7",
        "Group": "1"
    },
    {
        "Age": "64",
        "Sex": "1",
        "CPT": "4",
        "RBP": "145",
        "SC": "212",
        "FBS": "0",
        "RER": "2",
        "MHRA": "132",
        "EIA": "0",
        "Oldpeak": "2",
        "SoP": "2",
        "NoMV": "2",
        "Thal": "6",
        "Group": "2"
    },
    {
        "Age": "59",
        "Sex": "1",
        "CPT": "4",
        "RBP": "138",
        "SC": "271",
        "FBS": "0",
        "RER": "2",
        "MHRA": "182",
        "EIA": "0",
        "Oldpeak": "0",
        "SoP": "1",
        "NoMV": "0",
        "Thal": "3",
        "Group": "1"
    },
    {
        "Age": "50",
        "Sex": "1",
        "CPT": "3",
        "RBP": "140",
        "SC": "233",
        "FBS": "0",
        "RER": "0",
        "MHRA": "163",
        "EIA": "0",
        "Oldpeak": "0.6",
        "SoP": "2",
        "NoMV": "1",
        "Thal": "7",
        "Group": "2"
    },
    {
        "Age": "51",
        "Sex": "1",
        "CPT": "1",
        "RBP": "125",
        "SC": "213",
        "FBS": "0",
        "RER": "2",
        "MHRA": "125",
        "EIA": "1",
        "Oldpeak": "1.4",
        "SoP": "1",
        "NoMV": "1",
        "Thal": "3",
        "Group": "1"
    },
    {
        "Age": "54",
        "Sex": "1",
        "CPT": "2",
        "RBP": "192",
        "SC": "283",
        "FBS": "0",
        "RER": "2",
        "MHRA": "195",
        "EIA": "0",
        "Oldpeak": "0",
        "SoP": "1",
        "NoMV": "1",
        "Thal": "7",
        "Group": "2"
    },
    {
        "Age": "53",
        "Sex": "1",
        "CPT": "4",
        "RBP": "123",
        "SC": "282",
        "FBS": "0",
        "RER": "0",
        "MHRA": "95",
        "EIA": "1",
        "Oldpeak": "2",
        "SoP": "2",
        "NoMV": "2",
        "Thal": "7",
        "Group": "2"
    },
    {
        "Age": "52",
        "Sex": "1",
        "CPT": "4",
        "RBP": "112",
        "SC": "230",
        "FBS": "0",
        "RER": "0",
        "MHRA": "160",
        "EIA": "0",
        "Oldpeak": "0",
        "SoP": "1",
        "NoMV": "1",
        "Thal": "3",
        "Group": "2"
    },
    {
        "Age": "40",
        "Sex": "1",
        "CPT": "4",
        "RBP": "110",
        "SC": "167",
        "FBS": "0",
        "RER": "2",
        "MHRA": "114",
        "EIA": "1",
        "Oldpeak": "2",
        "SoP": "2",
        "NoMV": "0",
        "Thal": "7",
        "Group": "2"
    },
    {
        "Age": "58",
        "Sex": "1",
        "CPT": "3",
        "RBP": "132",
        "SC": "224",
        "FBS": "0",
        "RER": "2",
        "MHRA": "173",
        "EIA": "0",
        "Oldpeak": "3.2",
        "SoP": "1",
        "NoMV": "2",
        "Thal": "7",
        "Group": "2"
    },
    {
        "Age": "41",
        "Sex": "0",
        "CPT": "3",
        "RBP": "112",
        "SC": "268",
        "FBS": "0",
        "RER": "2",
        "MHRA": "172",
        "EIA": "1",
        "Oldpeak": "0",
        "SoP": "1",
        "NoMV": "0",
        "Thal": "3",
        "Group": "1"
    },
    {
        "Age": "41",
        "Sex": "1",
        "CPT": "3",
        "RBP": "112",
        "SC": "250",
        "FBS": "0",
        "RER": "0",
        "MHRA": "179",
        "EIA": "0",
        "Oldpeak": "0",
        "SoP": "1",
        "NoMV": "0",
        "Thal": "3",
        "Group": "1"
    },
    {
        "Age": "50",
        "Sex": "0",
        "CPT": "3",
        "RBP": "120",
        "SC": "219",
        "FBS": "0",
        "RER": "0",
        "MHRA": "158",
        "EIA": "0",
        "Oldpeak": "1.6",
        "SoP": "2",
        "NoMV": "0",
        "Thal": "3",
        "Group": "1"
    },
    {
        "Age": "54",
        "Sex": "0",
        "CPT": "3",
        "RBP": "108",
        "SC": "267",
        "FBS": "0",
        "RER": "2",
        "MHRA": "167",
        "EIA": "0",
        "Oldpeak": "0",
        "SoP": "1",
        "NoMV": "0",
        "Thal": "3",
        "Group": "1"
    },
    {
        "Age": "64",
        "Sex": "0",
        "CPT": "4",
        "RBP": "130",
        "SC": "303",
        "FBS": "0",
        "RER": "0",
        "MHRA": "122",
        "EIA": "0",
        "Oldpeak": "2",
        "SoP": "2",
        "NoMV": "2",
        "Thal": "3",
        "Group": "1"
    },
    {
        "Age": "51",
        "Sex": "0",
        "CPT": "3",
        "RBP": "130",
        "SC": "256",
        "FBS": "0",
        "RER": "2",
        "MHRA": "149",
        "EIA": "0",
        "Oldpeak": "0.5",
        "SoP": "1",
        "NoMV": "0",
        "Thal": "3",
        "Group": "1"
    },
    {
        "Age": "46",
        "Sex": "0",
        "CPT": "2",
        "RBP": "105",
        "SC": "204",
        "FBS": "0",
        "RER": "0",
        "MHRA": "172",
        "EIA": "0",
        "Oldpeak": "0",
        "SoP": "1",
        "NoMV": "0",
        "Thal": "3",
        "Group": "1"
    },
    {
        "Age": "55",
        "Sex": "1",
        "CPT": "4",
        "RBP": "140",
        "SC": "217",
        "FBS": "0",
        "RER": "0",
        "MHRA": "111",
        "EIA": "1",
        "Oldpeak": "5.6",
        "SoP": "3",
        "NoMV": "0",
        "Thal": "7",
        "Group": "2"
    },
    {
        "Age": "45",
        "Sex": "1",
        "CPT": "2",
        "RBP": "128",
        "SC": "308",
        "FBS": "0",
        "RER": "2",
        "MHRA": "170",
        "EIA": "0",
        "Oldpeak": "0",
        "SoP": "1",
        "NoMV": "0",
        "Thal": "3",
        "Group": "1"
    },
    {
        "Age": "56",
        "Sex": "1",
        "CPT": "1",
        "RBP": "120",
        "SC": "193",
        "FBS": "0",
        "RER": "2",
        "MHRA": "162",
        "EIA": "0",
        "Oldpeak": "1.9",
        "SoP": "2",
        "NoMV": "0",
        "Thal": "7",
        "Group": "1"
    },
    {
        "Age": "66",
        "Sex": "0",
        "CPT": "4",
        "RBP": "178",
        "SC": "228",
        "FBS": "1",
        "RER": "0",
        "MHRA": "165",
        "EIA": "1",
        "Oldpeak": "1",
        "SoP": "2",
        "NoMV": "2",
        "Thal": "7",
        "Group": "2"
    },
    {
        "Age": "38",
        "Sex": "1",
        "CPT": "1",
        "RBP": "120",
        "SC": "231",
        "FBS": "0",
        "RER": "0",
        "MHRA": "182",
        "EIA": "1",
        "Oldpeak": "3.8",
        "SoP": "2",
        "NoMV": "0",
        "Thal": "7",
        "Group": "2"
    },
    {
        "Age": "62",
        "Sex": "0",
        "CPT": "4",
        "RBP": "150",
        "SC": "244",
        "FBS": "0",
        "RER": "0",
        "MHRA": "154",
        "EIA": "1",
        "Oldpeak": "1.4",
        "SoP": "2",
        "NoMV": "0",
        "Thal": "3",
        "Group": "2"
    },
    {
        "Age": "55",
        "Sex": "1",
        "CPT": "2",
        "RBP": "130",
        "SC": "262",
        "FBS": "0",
        "RER": "0",
        "MHRA": "155",
        "EIA": "0",
        "Oldpeak": "0",
        "SoP": "1",
        "NoMV": "0",
        "Thal": "3",
        "Group": "1"
    },
    {
        "Age": "58",
        "Sex": "1",
        "CPT": "4",
        "RBP": "128",
        "SC": "259",
        "FBS": "0",
        "RER": "2",
        "MHRA": "130",
        "EIA": "1",
        "Oldpeak": "3",
        "SoP": "2",
        "NoMV": "2",
        "Thal": "7",
        "Group": "2"
    },
    {
        "Age": "43",
        "Sex": "1",
        "CPT": "4",
        "RBP": "110",
        "SC": "211",
        "FBS": "0",
        "RER": "0",
        "MHRA": "161",
        "EIA": "0",
        "Oldpeak": "0",
        "SoP": "1",
        "NoMV": "0",
        "Thal": "7",
        "Group": "1"
    },
    {
        "Age": "64",
        "Sex": "0",
        "CPT": "4",
        "RBP": "180",
        "SC": "325",
        "FBS": "0",
        "RER": "0",
        "MHRA": "154",
        "EIA": "1",
        "Oldpeak": "0",
        "SoP": "1",
        "NoMV": "0",
        "Thal": "3",
        "Group": "1"
    },
    {
        "Age": "50",
        "Sex": "0",
        "CPT": "4",
        "RBP": "110",
        "SC": "254",
        "FBS": "0",
        "RER": "2",
        "MHRA": "159",
        "EIA": "0",
        "Oldpeak": "0",
        "SoP": "1",
        "NoMV": "0",
        "Thal": "3",
        "Group": "1"
    },
    {
        "Age": "53",
        "Sex": "1",
        "CPT": "3",
        "RBP": "130",
        "SC": "197",
        "FBS": "1",
        "RER": "2",
        "MHRA": "152",
        "EIA": "0",
        "Oldpeak": "1.2",
        "SoP": "3",
        "NoMV": "0",
        "Thal": "3",
        "Group": "1"
    },
    {
        "Age": "45",
        "Sex": "0",
        "CPT": "4",
        "RBP": "138",
        "SC": "236",
        "FBS": "0",
        "RER": "2",
        "MHRA": "152",
        "EIA": "1",
        "Oldpeak": "0.2",
        "SoP": "2",
        "NoMV": "0",
        "Thal": "3",
        "Group": "1"
    },
    {
        "Age": "65",
        "Sex": "1",
        "CPT": "1",
        "RBP": "138",
        "SC": "282",
        "FBS": "1",
        "RER": "2",
        "MHRA": "174",
        "EIA": "0",
        "Oldpeak": "1.4",
        "SoP": "2",
        "NoMV": "1",
        "Thal": "3",
        "Group": "2"
    },
    {
        "Age": "69",
        "Sex": "1",
        "CPT": "1",
        "RBP": "160",
        "SC": "234",
        "FBS": "1",
        "RER": "2",
        "MHRA": "131",
        "EIA": "0",
        "Oldpeak": "0.1",
        "SoP": "2",
        "NoMV": "1",
        "Thal": "3",
        "Group": "1"
    },
    {
        "Age": "69",
        "Sex": "1",
        "CPT": "3",
        "RBP": "140",
        "SC": "254",
        "FBS": "0",
        "RER": "2",
        "MHRA": "146",
        "EIA": "0",
        "Oldpeak": "2",
        "SoP": "2",
        "NoMV": "3",
        "Thal": "7",
        "Group": "2"
    },
    {
        "Age": "67",
        "Sex": "1",
        "CPT": "4",
        "RBP": "100",
        "SC": "299",
        "FBS": "0",
        "RER": "2",
        "MHRA": "125",
        "EIA": "1",
        "Oldpeak": "0.9",
        "SoP": "2",
        "NoMV": "2",
        "Thal": "3",
        "Group": "2"
    },
    {
        "Age": "68",
        "Sex": "0",
        "CPT": "3",
        "RBP": "120",
        "SC": "211",
        "FBS": "0",
        "RER": "2",
        "MHRA": "115",
        "EIA": "0",
        "Oldpeak": "1.5",
        "SoP": "2",
        "NoMV": "0",
        "Thal": "3",
        "Group": "1"
    },
    {
        "Age": "34",
        "Sex": "1",
        "CPT": "1",
        "RBP": "118",
        "SC": "182",
        "FBS": "0",
        "RER": "2",
        "MHRA": "174",
        "EIA": "0",
        "Oldpeak": "0",
        "SoP": "1",
        "NoMV": "0",
        "Thal": "3",
        "Group": "1"
    },
    {
        "Age": "62",
        "Sex": "0",
        "CPT": "4",
        "RBP": "138",
        "SC": "294",
        "FBS": "1",
        "RER": "0",
        "MHRA": "106",
        "EIA": "0",
        "Oldpeak": "1.9",
        "SoP": "2",
        "NoMV": "3",
        "Thal": "3",
        "Group": "2"
    },
    {
        "Age": "51",
        "Sex": "1",
        "CPT": "4",
        "RBP": "140",
        "SC": "298",
        "FBS": "0",
        "RER": "0",
        "MHRA": "122",
        "EIA": "1",
        "Oldpeak": "4.2",
        "SoP": "2",
        "NoMV": "3",
        "Thal": "7",
        "Group": "2"
    },
    {
        "Age": "46",
        "Sex": "1",
        "CPT": "3",
        "RBP": "150",
        "SC": "231",
        "FBS": "0",
        "RER": "0",
        "MHRA": "147",
        "EIA": "0",
        "Oldpeak": "3.6",
        "SoP": "2",
        "NoMV": "0",
        "Thal": "3",
        "Group": "2"
    },
    {
        "Age": "67",
        "Sex": "1",
        "CPT": "4",
        "RBP": "125",
        "SC": "254",
        "FBS": "1",
        "RER": "0",
        "MHRA": "163",
        "EIA": "0",
        "Oldpeak": "0.2",
        "SoP": "2",
        "NoMV": "2",
        "Thal": "7",
        "Group": "2"
    },
    {
        "Age": "50",
        "Sex": "1",
        "CPT": "3",
        "RBP": "129",
        "SC": "196",
        "FBS": "0",
        "RER": "0",
        "MHRA": "163",
        "EIA": "0",
        "Oldpeak": "0",
        "SoP": "1",
        "NoMV": "0",
        "Thal": "3",
        "Group": "1"
    },
    {
        "Age": "42",
        "Sex": "1",
        "CPT": "3",
        "RBP": "120",
        "SC": "240",
        "FBS": "1",
        "RER": "0",
        "MHRA": "194",
        "EIA": "0",
        "Oldpeak": "0.8",
        "SoP": "3",
        "NoMV": "0",
        "Thal": "7",
        "Group": "1"
    },
    {
        "Age": "56",
        "Sex": "0",
        "CPT": "4",
        "RBP": "134",
        "SC": "409",
        "FBS": "0",
        "RER": "2",
        "MHRA": "150",
        "EIA": "1",
        "Oldpeak": "1.9",
        "SoP": "2",
        "NoMV": "2",
        "Thal": "7",
        "Group": "2"
    },
    {
        "Age": "41",
        "Sex": "1",
        "CPT": "4",
        "RBP": "110",
        "SC": "172",
        "FBS": "0",
        "RER": "2",
        "MHRA": "158",
        "EIA": "0",
        "Oldpeak": "0",
        "SoP": "1",
        "NoMV": "0",
        "Thal": "7",
        "Group": "2"
    },
    {
        "Age": "42",
        "Sex": "0",
        "CPT": "4",
        "RBP": "102",
        "SC": "265",
        "FBS": "0",
        "RER": "2",
        "MHRA": "122",
        "EIA": "0",
        "Oldpeak": "0.6",
        "SoP": "2",
        "NoMV": "0",
        "Thal": "3",
        "Group": "1"
    },
    {
        "Age": "53",
        "Sex": "1",
        "CPT": "3",
        "RBP": "130",
        "SC": "246",
        "FBS": "1",
        "RER": "2",
        "MHRA": "173",
        "EIA": "0",
        "Oldpeak": "0",
        "SoP": "1",
        "NoMV": "3",
        "Thal": "3",
        "Group": "1"
    },
    {
        "Age": "43",
        "Sex": "1",
        "CPT": "3",
        "RBP": "130",
        "SC": "315",
        "FBS": "0",
        "RER": "0",
        "MHRA": "162",
        "EIA": "0",
        "Oldpeak": "1.9",
        "SoP": "1",
        "NoMV": "1",
        "Thal": "3",
        "Group": "1"
    },
    {
        "Age": "56",
        "Sex": "1",
        "CPT": "4",
        "RBP": "132",
        "SC": "184",
        "FBS": "0",
        "RER": "2",
        "MHRA": "105",
        "EIA": "1",
        "Oldpeak": "2.1",
        "SoP": "2",
        "NoMV": "1",
        "Thal": "6",
        "Group": "2"
    },
    {
        "Age": "52",
        "Sex": "1",
        "CPT": "4",
        "RBP": "108",
        "SC": "233",
        "FBS": "1",
        "RER": "0",
        "MHRA": "147",
        "EIA": "0",
        "Oldpeak": "0.1",
        "SoP": "1",
        "NoMV": "3",
        "Thal": "7",
        "Group": "1"
    },
    {
        "Age": "62",
        "Sex": "0",
        "CPT": "4",
        "RBP": "140",
        "SC": "394",
        "FBS": "0",
        "RER": "2",
        "MHRA": "157",
        "EIA": "0",
        "Oldpeak": "1.2",
        "SoP": "2",
        "NoMV": "0",
        "Thal": "3",
        "Group": "1"
    },
    {
        "Age": "70",
        "Sex": "1",
        "CPT": "3",
        "RBP": "160",
        "SC": "269",
        "FBS": "0",
        "RER": "0",
        "MHRA": "112",
        "EIA": "1",
        "Oldpeak": "2.9",
        "SoP": "2",
        "NoMV": "1",
        "Thal": "7",
        "Group": "2"
    },
    {
        "Age": "54",
        "Sex": "1",
        "CPT": "4",
        "RBP": "140",
        "SC": "239",
        "FBS": "0",
        "RER": "0",
        "MHRA": "160",
        "EIA": "0",
        "Oldpeak": "1.2",
        "SoP": "1",
        "NoMV": "0",
        "Thal": "3",
        "Group": "1"
    },
    {
        "Age": "70",
        "Sex": "1",
        "CPT": "4",
        "RBP": "145",
        "SC": "174",
        "FBS": "0",
        "RER": "0",
        "MHRA": "125",
        "EIA": "1",
        "Oldpeak": "2.6",
        "SoP": "3",
        "NoMV": "0",
        "Thal": "7",
        "Group": "2"
    },
    {
        "Age": "54",
        "Sex": "1",
        "CPT": "2",
        "RBP": "108",
        "SC": "309",
        "FBS": "0",
        "RER": "0",
        "MHRA": "156",
        "EIA": "0",
        "Oldpeak": "0",
        "SoP": "1",
        "NoMV": "0",
        "Thal": "7",
        "Group": "1"
    },
    {
        "Age": "35",
        "Sex": "1",
        "CPT": "4",
        "RBP": "126",
        "SC": "282",
        "FBS": "0",
        "RER": "2",
        "MHRA": "156",
        "EIA": "1",
        "Oldpeak": "0",
        "SoP": "1",
        "NoMV": "0",
        "Thal": "7",
        "Group": "2"
    },
    {
        "Age": "48",
        "Sex": "1",
        "CPT": "3",
        "RBP": "124",
        "SC": "255",
        "FBS": "1",
        "RER": "0",
        "MHRA": "175",
        "EIA": "0",
        "Oldpeak": "0",
        "SoP": "1",
        "NoMV": "2",
        "Thal": "3",
        "Group": "1"
    },
    {
        "Age": "55",
        "Sex": "0",
        "CPT": "2",
        "RBP": "135",
        "SC": "250",
        "FBS": "0",
        "RER": "2",
        "MHRA": "161",
        "EIA": "0",
        "Oldpeak": "1.4",
        "SoP": "2",
        "NoMV": "0",
        "Thal": "3",
        "Group": "1"
    },
    {
        "Age": "58",
        "Sex": "0",
        "CPT": "4",
        "RBP": "100",
        "SC": "248",
        "FBS": "0",
        "RER": "2",
        "MHRA": "122",
        "EIA": "0",
        "Oldpeak": "1",
        "SoP": "2",
        "NoMV": "0",
        "Thal": "3",
        "Group": "1"
    },
    {
        "Age": "54",
        "Sex": "0",
        "CPT": "3",
        "RBP": "110",
        "SC": "214",
        "FBS": "0",
        "RER": "0",
        "MHRA": "158",
        "EIA": "0",
        "Oldpeak": "1.6",
        "SoP": "2",
        "NoMV": "0",
        "Thal": "3",
        "Group": "1"
    },
    {
        "Age": "69",
        "Sex": "0",
        "CPT": "1",
        "RBP": "140",
        "SC": "239",
        "FBS": "0",
        "RER": "0",
        "MHRA": "151",
        "EIA": "0",
        "Oldpeak": "1.8",
        "SoP": "1",
        "NoMV": "2",
        "Thal": "3",
        "Group": "1"
    },
    {
        "Age": "77",
        "Sex": "1",
        "CPT": "4",
        "RBP": "125",
        "SC": "304",
        "FBS": "0",
        "RER": "2",
        "MHRA": "162",
        "EIA": "1",
        "Oldpeak": "0",
        "SoP": "1",
        "NoMV": "3",
        "Thal": "3",
        "Group": "2"
    },
    {
        "Age": "68",
        "Sex": "1",
        "CPT": "3",
        "RBP": "118",
        "SC": "277",
        "FBS": "0",
        "RER": "0",
        "MHRA": "151",
        "EIA": "0",
        "Oldpeak": "1",
        "SoP": "1",
        "NoMV": "1",
        "Thal": "7",
        "Group": "1"
    },
    {
        "Age": "58",
        "Sex": "1",
        "CPT": "4",
        "RBP": "125",
        "SC": "300",
        "FBS": "0",
        "RER": "2",
        "MHRA": "171",
        "EIA": "0",
        "Oldpeak": "0",
        "SoP": "1",
        "NoMV": "2",
        "Thal": "7",
        "Group": "2"
    },
    {
        "Age": "60",
        "Sex": "1",
        "CPT": "4",
        "RBP": "125",
        "SC": "258",
        "FBS": "0",
        "RER": "2",
        "MHRA": "141",
        "EIA": "1",
        "Oldpeak": "2.8",
        "SoP": "2",
        "NoMV": "1",
        "Thal": "7",
        "Group": "2"
    },
    {
        "Age": "51",
        "Sex": "1",
        "CPT": "4",
        "RBP": "140",
        "SC": "299",
        "FBS": "0",
        "RER": "0",
        "MHRA": "173",
        "EIA": "1",
        "Oldpeak": "1.6",
        "SoP": "1",
        "NoMV": "0",
        "Thal": "7",
        "Group": "2"
    },
    {
        "Age": "55",
        "Sex": "1",
        "CPT": "4",
        "RBP": "160",
        "SC": "289",
        "FBS": "0",
        "RER": "2",
        "MHRA": "145",
        "EIA": "1",
        "Oldpeak": "0.8",
        "SoP": "2",
        "NoMV": "1",
        "Thal": "7",
        "Group": "2"
    },
    {
        "Age": "52",
        "Sex": "1",
        "CPT": "1",
        "RBP": "152",
        "SC": "298",
        "FBS": "1",
        "RER": "0",
        "MHRA": "178",
        "EIA": "0",
        "Oldpeak": "1.2",
        "SoP": "2",
        "NoMV": "0",
        "Thal": "7",
        "Group": "1"
    },
    {
        "Age": "60",
        "Sex": "0",
        "CPT": "3",
        "RBP": "102",
        "SC": "318",
        "FBS": "0",
        "RER": "0",
        "MHRA": "160",
        "EIA": "0",
        "Oldpeak": "0",
        "SoP": "1",
        "NoMV": "1",
        "Thal": "3",
        "Group": "1"
    },
    {
        "Age": "58",
        "Sex": "1",
        "CPT": "3",
        "RBP": "105",
        "SC": "240",
        "FBS": "0",
        "RER": "2",
        "MHRA": "154",
        "EIA": "1",
        "Oldpeak": "0.6",
        "SoP": "2",
        "NoMV": "0",
        "Thal": "7",
        "Group": "1"
    },
    {
        "Age": "64",
        "Sex": "1",
        "CPT": "3",
        "RBP": "125",
        "SC": "309",
        "FBS": "0",
        "RER": "0",
        "MHRA": "131",
        "EIA": "1",
        "Oldpeak": "1.8",
        "SoP": "2",
        "NoMV": "0",
        "Thal": "7",
        "Group": "2"
    },
    {
        "Age": "37",
        "Sex": "1",
        "CPT": "3",
        "RBP": "130",
        "SC": "250",
        "FBS": "0",
        "RER": "0",
        "MHRA": "187",
        "EIA": "0",
        "Oldpeak": "3.5",
        "SoP": "3",
        "NoMV": "0",
        "Thal": "3",
        "Group": "1"
    },
    {
        "Age": "59",
        "Sex": "1",
        "CPT": "1",
        "RBP": "170",
        "SC": "288",
        "FBS": "0",
        "RER": "2",
        "MHRA": "159",
        "EIA": "0",
        "Oldpeak": "0.2",
        "SoP": "2",
        "NoMV": "0",
        "Thal": "7",
        "Group": "2"
    },
    {
        "Age": "51",
        "Sex": "1",
        "CPT": "3",
        "RBP": "125",
        "SC": "245",
        "FBS": "1",
        "RER": "2",
        "MHRA": "166",
        "EIA": "0",
        "Oldpeak": "2.4",
        "SoP": "2",
        "NoMV": "0",
        "Thal": "3",
        "Group": "1"
    },
    {
        "Age": "43",
        "Sex": "0",
        "CPT": "3",
        "RBP": "122",
        "SC": "213",
        "FBS": "0",
        "RER": "0",
        "MHRA": "165",
        "EIA": "0",
        "Oldpeak": "0.2",
        "SoP": "2",
        "NoMV": "0",
        "Thal": "3",
        "Group": "1"
    },
    {
        "Age": "58",
        "Sex": "1",
        "CPT": "4",
        "RBP": "128",
        "SC": "216",
        "FBS": "0",
        "RER": "2",
        "MHRA": "131",
        "EIA": "1",
        "Oldpeak": "2.2",
        "SoP": "2",
        "NoMV": "3",
        "Thal": "7",
        "Group": "2"
    },
    {
        "Age": "29",
        "Sex": "1",
        "CPT": "2",
        "RBP": "130",
        "SC": "204",
        "FBS": "0",
        "RER": "2",
        "MHRA": "202",
        "EIA": "0",
        "Oldpeak": "0",
        "SoP": "1",
        "NoMV": "0",
        "Thal": "3",
        "Group": "1"
    },
    {
        "Age": "41",
        "Sex": "0",
        "CPT": "2",
        "RBP": "130",
        "SC": "204",
        "FBS": "0",
        "RER": "2",
        "MHRA": "172",
        "EIA": "0",
        "Oldpeak": "1.4",
        "SoP": "1",
        "NoMV": "0",
        "Thal": "3",
        "Group": "1"
    },
    {
        "Age": "63",
        "Sex": "0",
        "CPT": "3",
        "RBP": "135",
        "SC": "252",
        "FBS": "0",
        "RER": "2",
        "MHRA": "172",
        "EIA": "0",
        "Oldpeak": "0",
        "SoP": "1",
        "NoMV": "0",
        "Thal": "3",
        "Group": "1"
    },
    {
        "Age": "51",
        "Sex": "1",
        "CPT": "3",
        "RBP": "94",
        "SC": "227",
        "FBS": "0",
        "RER": "0",
        "MHRA": "154",
        "EIA": "1",
        "Oldpeak": "0",
        "SoP": "1",
        "NoMV": "1",
        "Thal": "7",
        "Group": "1"
    },
    {
        "Age": "54",
        "Sex": "1",
        "CPT": "3",
        "RBP": "120",
        "SC": "258",
        "FBS": "0",
        "RER": "2",
        "MHRA": "147",
        "EIA": "0",
        "Oldpeak": "0.4",
        "SoP": "2",
        "NoMV": "0",
        "Thal": "7",
        "Group": "1"
    },
    {
        "Age": "44",
        "Sex": "1",
        "CPT": "2",
        "RBP": "120",
        "SC": "220",
        "FBS": "0",
        "RER": "0",
        "MHRA": "170",
        "EIA": "0",
        "Oldpeak": "0",
        "SoP": "1",
        "NoMV": "0",
        "Thal": "3",
        "Group": "1"
    },
    {
        "Age": "54",
        "Sex": "1",
        "CPT": "4",
        "RBP": "110",
        "SC": "239",
        "FBS": "0",
        "RER": "0",
        "MHRA": "126",
        "EIA": "1",
        "Oldpeak": "2.8",
        "SoP": "2",
        "NoMV": "1",
        "Thal": "7",
        "Group": "2"
    },
    {
        "Age": "65",
        "Sex": "1",
        "CPT": "4",
        "RBP": "135",
        "SC": "254",
        "FBS": "0",
        "RER": "2",
        "MHRA": "127",
        "EIA": "0",
        "Oldpeak": "2.8",
        "SoP": "2",
        "NoMV": "1",
        "Thal": "7",
        "Group": "2"
    },
    {
        "Age": "57",
        "Sex": "1",
        "CPT": "3",
        "RBP": "150",
        "SC": "168",
        "FBS": "0",
        "RER": "0",
        "MHRA": "174",
        "EIA": "0",
        "Oldpeak": "1.6",
        "SoP": "1",
        "NoMV": "0",
        "Thal": "3",
        "Group": "1"
    },
    {
        "Age": "63",
        "Sex": "1",
        "CPT": "4",
        "RBP": "130",
        "SC": "330",
        "FBS": "1",
        "RER": "2",
        "MHRA": "132",
        "EIA": "1",
        "Oldpeak": "1.8",
        "SoP": "1",
        "NoMV": "3",
        "Thal": "7",
        "Group": "2"
    },
    {
        "Age": "35",
        "Sex": "0",
        "CPT": "4",
        "RBP": "138",
        "SC": "183",
        "FBS": "0",
        "RER": "0",
        "MHRA": "182",
        "EIA": "0",
        "Oldpeak": "1.4",
        "SoP": "1",
        "NoMV": "0",
        "Thal": "3",
        "Group": "1"
    },
    {
        "Age": "41",
        "Sex": "1",
        "CPT": "2",
        "RBP": "135",
        "SC": "203",
        "FBS": "0",
        "RER": "0",
        "MHRA": "132",
        "EIA": "0",
        "Oldpeak": "0",
        "SoP": "2",
        "NoMV": "0",
        "Thal": "6",
        "Group": "1"
    },
    {
        "Age": "62",
        "Sex": "0",
        "CPT": "3",
        "RBP": "130",
        "SC": "263",
        "FBS": "0",
        "RER": "0",
        "MHRA": "97",
        "EIA": "0",
        "Oldpeak": "1.2",
        "SoP": "2",
        "NoMV": "1",
        "Thal": "7",
        "Group": "2"
    },
    {
        "Age": "43",
        "Sex": "0",
        "CPT": "4",
        "RBP": "132",
        "SC": "341",
        "FBS": "1",
        "RER": "2",
        "MHRA": "136",
        "EIA": "1",
        "Oldpeak": "3",
        "SoP": "2",
        "NoMV": "0",
        "Thal": "7",
        "Group": "2"
    },
    {
        "Age": "58",
        "Sex": "0",
        "CPT": "1",
        "RBP": "150",
        "SC": "283",
        "FBS": "1",
        "RER": "2",
        "MHRA": "162",
        "EIA": "0",
        "Oldpeak": "1",
        "SoP": "1",
        "NoMV": "0",
        "Thal": "3",
        "Group": "1"
    },
    {
        "Age": "52",
        "Sex": "1",
        "CPT": "1",
        "RBP": "118",
        "SC": "186",
        "FBS": "0",
        "RER": "2",
        "MHRA": "190",
        "EIA": "0",
        "Oldpeak": "0",
        "SoP": "2",
        "NoMV": "0",
        "Thal": "6",
        "Group": "1"
    },
    {
        "Age": "61",
        "Sex": "0",
        "CPT": "4",
        "RBP": "145",
        "SC": "307",
        "FBS": "0",
        "RER": "2",
        "MHRA": "146",
        "EIA": "1",
        "Oldpeak": "1",
        "SoP": "2",
        "NoMV": "0",
        "Thal": "7",
        "Group": "2"
    },
    {
        "Age": "39",
        "Sex": "1",
        "CPT": "4",
        "RBP": "118",
        "SC": "219",
        "FBS": "0",
        "RER": "0",
        "MHRA": "140",
        "EIA": "0",
        "Oldpeak": "1.2",
        "SoP": "2",
        "NoMV": "0",
        "Thal": "7",
        "Group": "2"
    },
    {
        "Age": "45",
        "Sex": "1",
        "CPT": "4",
        "RBP": "115",
        "SC": "260",
        "FBS": "0",
        "RER": "2",
        "MHRA": "185",
        "EIA": "0",
        "Oldpeak": "0",
        "SoP": "1",
        "NoMV": "0",
        "Thal": "3",
        "Group": "1"
    },
    {
        "Age": "52",
        "Sex": "1",
        "CPT": "4",
        "RBP": "128",
        "SC": "255",
        "FBS": "0",
        "RER": "0",
        "MHRA": "161",
        "EIA": "1",
        "Oldpeak": "0",
        "SoP": "1",
        "NoMV": "1",
        "Thal": "7",
        "Group": "2"
    },
    {
        "Age": "62",
        "Sex": "1",
        "CPT": "3",
        "RBP": "130",
        "SC": "231",
        "FBS": "0",
        "RER": "0",
        "MHRA": "146",
        "EIA": "0",
        "Oldpeak": "1.8",
        "SoP": "2",
        "NoMV": "3",
        "Thal": "7",
        "Group": "1"
    },
    {
        "Age": "62",
        "Sex": "0",
        "CPT": "4",
        "RBP": "160",
        "SC": "164",
        "FBS": "0",
        "RER": "2",
        "MHRA": "145",
        "EIA": "0",
        "Oldpeak": "6.2",
        "SoP": "3",
        "NoMV": "3",
        "Thal": "7",
        "Group": "2"
    },
    {
        "Age": "53",
        "Sex": "0",
        "CPT": "4",
        "RBP": "138",
        "SC": "234",
        "FBS": "0",
        "RER": "2",
        "MHRA": "160",
        "EIA": "0",
        "Oldpeak": "0",
        "SoP": "1",
        "NoMV": "0",
        "Thal": "3",
        "Group": "1"
    },
    {
        "Age": "43",
        "Sex": "1",
        "CPT": "4",
        "RBP": "120",
        "SC": "177",
        "FBS": "0",
        "RER": "2",
        "MHRA": "120",
        "EIA": "1",
        "Oldpeak": "2.5",
        "SoP": "2",
        "NoMV": "0",
        "Thal": "7",
        "Group": "2"
    },
    {
        "Age": "47",
        "Sex": "1",
        "CPT": "3",
        "RBP": "138",
        "SC": "257",
        "FBS": "0",
        "RER": "2",
        "MHRA": "156",
        "EIA": "0",
        "Oldpeak": "0",
        "SoP": "1",
        "NoMV": "0",
        "Thal": "3",
        "Group": "1"
    },
    {
        "Age": "52",
        "Sex": "1",
        "CPT": "2",
        "RBP": "120",
        "SC": "325",
        "FBS": "0",
        "RER": "0",
        "MHRA": "172",
        "EIA": "0",
        "Oldpeak": "0.2",
        "SoP": "1",
        "NoMV": "0",
        "Thal": "3",
        "Group": "1"
    },
    {
        "Age": "68",
        "Sex": "1",
        "CPT": "3",
        "RBP": "180",
        "SC": "274",
        "FBS": "1",
        "RER": "2",
        "MHRA": "150",
        "EIA": "1",
        "Oldpeak": "1.6",
        "SoP": "2",
        "NoMV": "0",
        "Thal": "7",
        "Group": "2"
    },
    {
        "Age": "39",
        "Sex": "1",
        "CPT": "3",
        "RBP": "140",
        "SC": "321",
        "FBS": "0",
        "RER": "2",
        "MHRA": "182",
        "EIA": "0",
        "Oldpeak": "0",
        "SoP": "1",
        "NoMV": "0",
        "Thal": "3",
        "Group": "1"
    },
    {
        "Age": "53",
        "Sex": "0",
        "CPT": "4",
        "RBP": "130",
        "SC": "264",
        "FBS": "0",
        "RER": "2",
        "MHRA": "143",
        "EIA": "0",
        "Oldpeak": "0.4",
        "SoP": "2",
        "NoMV": "0",
        "Thal": "3",
        "Group": "1"
    },
    {
        "Age": "62",
        "Sex": "0",
        "CPT": "4",
        "RBP": "140",
        "SC": "268",
        "FBS": "0",
        "RER": "2",
        "MHRA": "160",
        "EIA": "0",
        "Oldpeak": "3.6",
        "SoP": "3",
        "NoMV": "2",
        "Thal": "3",
        "Group": "2"
    },
    {
        "Age": "51",
        "Sex": "0",
        "CPT": "3",
        "RBP": "140",
        "SC": "308",
        "FBS": "0",
        "RER": "2",
        "MHRA": "142",
        "EIA": "0",
        "Oldpeak": "1.5",
        "SoP": "1",
        "NoMV": "1",
        "Thal": "3",
        "Group": "1"
    },
    {
        "Age": "60",
        "Sex": "1",
        "CPT": "4",
        "RBP": "130",
        "SC": "253",
        "FBS": "0",
        "RER": "0",
        "MHRA": "144",
        "EIA": "1",
        "Oldpeak": "1.4",
        "SoP": "1",
        "NoMV": "1",
        "Thal": "7",
        "Group": "2"
    },
    {
        "Age": "65",
        "Sex": "1",
        "CPT": "4",
        "RBP": "110",
        "SC": "248",
        "FBS": "0",
        "RER": "2",
        "MHRA": "158",
        "EIA": "0",
        "Oldpeak": "0.6",
        "SoP": "1",
        "NoMV": "2",
        "Thal": "6",
        "Group": "2"
    },
    {
        "Age": "65",
        "Sex": "0",
        "CPT": "3",
        "RBP": "155",
        "SC": "269",
        "FBS": "0",
        "RER": "0",
        "MHRA": "148",
        "EIA": "0",
        "Oldpeak": "0.8",
        "SoP": "1",
        "NoMV": "0",
        "Thal": "3",
        "Group": "1"
    },
    {
        "Age": "60",
        "Sex": "1",
        "CPT": "3",
        "RBP": "140",
        "SC": "185",
        "FBS": "0",
        "RER": "2",
        "MHRA": "155",
        "EIA": "0",
        "Oldpeak": "3",
        "SoP": "2",
        "NoMV": "0",
        "Thal": "3",
        "Group": "2"
    },
    {
        "Age": "60",
        "Sex": "1",
        "CPT": "4",
        "RBP": "145",
        "SC": "282",
        "FBS": "0",
        "RER": "2",
        "MHRA": "142",
        "EIA": "1",
        "Oldpeak": "2.8",
        "SoP": "2",
        "NoMV": "2",
        "Thal": "7",
        "Group": "2"
    },
    {
        "Age": "54",
        "Sex": "1",
        "CPT": "4",
        "RBP": "120",
        "SC": "188",
        "FBS": "0",
        "RER": "0",
        "MHRA": "113",
        "EIA": "0",
        "Oldpeak": "1.4",
        "SoP": "2",
        "NoMV": "1",
        "Thal": "7",
        "Group": "2"
    },
    {
        "Age": "44",
        "Sex": "1",
        "CPT": "2",
        "RBP": "130",
        "SC": "219",
        "FBS": "0",
        "RER": "2",
        "MHRA": "188",
        "EIA": "0",
        "Oldpeak": "0",
        "SoP": "1",
        "NoMV": "0",
        "Thal": "3",
        "Group": "1"
    },
    {
        "Age": "44",
        "Sex": "1",
        "CPT": "4",
        "RBP": "112",
        "SC": "290",
        "FBS": "0",
        "RER": "2",
        "MHRA": "153",
        "EIA": "0",
        "Oldpeak": "0",
        "SoP": "1",
        "NoMV": "1",
        "Thal": "3",
        "Group": "2"
    },
    {
        "Age": "51",
        "Sex": "1",
        "CPT": "3",
        "RBP": "110",
        "SC": "175",
        "FBS": "0",
        "RER": "0",
        "MHRA": "123",
        "EIA": "0",
        "Oldpeak": "0.6",
        "SoP": "1",
        "NoMV": "0",
        "Thal": "3",
        "Group": "1"
    },
    {
        "Age": "59",
        "Sex": "1",
        "CPT": "3",
        "RBP": "150",
        "SC": "212",
        "FBS": "1",
        "RER": "0",
        "MHRA": "157",
        "EIA": "0",
        "Oldpeak": "1.6",
        "SoP": "1",
        "NoMV": "0",
        "Thal": "3",
        "Group": "1"
    },
    {
        "Age": "71",
        "Sex": "0",
        "CPT": "2",
        "RBP": "160",
        "SC": "302",
        "FBS": "0",
        "RER": "0",
        "MHRA": "162",
        "EIA": "0",
        "Oldpeak": "0.4",
        "SoP": "1",
        "NoMV": "2",
        "Thal": "3",
        "Group": "1"
    },
    {
        "Age": "61",
        "Sex": "1",
        "CPT": "3",
        "RBP": "150",
        "SC": "243",
        "FBS": "1",
        "RER": "0",
        "MHRA": "137",
        "EIA": "1",
        "Oldpeak": "1",
        "SoP": "2",
        "NoMV": "0",
        "Thal": "3",
        "Group": "1"
    },
    {
        "Age": "55",
        "Sex": "1",
        "CPT": "4",
        "RBP": "132",
        "SC": "353",
        "FBS": "0",
        "RER": "0",
        "MHRA": "132",
        "EIA": "1",
        "Oldpeak": "1.2",
        "SoP": "2",
        "NoMV": "1",
        "Thal": "7",
        "Group": "2"
    },
    {
        "Age": "64",
        "Sex": "1",
        "CPT": "3",
        "RBP": "140",
        "SC": "335",
        "FBS": "0",
        "RER": "0",
        "MHRA": "158",
        "EIA": "0",
        "Oldpeak": "0",
        "SoP": "1",
        "NoMV": "0",
        "Thal": "3",
        "Group": "2"
    },
    {
        "Age": "43",
        "Sex": "1",
        "CPT": "4",
        "RBP": "150",
        "SC": "247",
        "FBS": "0",
        "RER": "0",
        "MHRA": "171",
        "EIA": "0",
        "Oldpeak": "1.5",
        "SoP": "1",
        "NoMV": "0",
        "Thal": "3",
        "Group": "1"
    },
    {
        "Age": "58",
        "Sex": "0",
        "CPT": "3",
        "RBP": "120",
        "SC": "340",
        "FBS": "0",
        "RER": "0",
        "MHRA": "172",
        "EIA": "0",
        "Oldpeak": "0",
        "SoP": "1",
        "NoMV": "0",
        "Thal": "3",
        "Group": "1"
    },
    {
        "Age": "60",
        "Sex": "1",
        "CPT": "4",
        "RBP": "130",
        "SC": "206",
        "FBS": "0",
        "RER": "2",
        "MHRA": "132",
        "EIA": "1",
        "Oldpeak": "2.4",
        "SoP": "2",
        "NoMV": "2",
        "Thal": "7",
        "Group": "2"
    },
    {
        "Age": "58",
        "Sex": "1",
        "CPT": "2",
        "RBP": "120",
        "SC": "284",
        "FBS": "0",
        "RER": "2",
        "MHRA": "160",
        "EIA": "0",
        "Oldpeak": "1.8",
        "SoP": "2",
        "NoMV": "0",
        "Thal": "3",
        "Group": "2"
    },
    {
        "Age": "49",
        "Sex": "1",
        "CPT": "2",
        "RBP": "130",
        "SC": "266",
        "FBS": "0",
        "RER": "0",
        "MHRA": "171",
        "EIA": "0",
        "Oldpeak": "0.6",
        "SoP": "1",
        "NoMV": "0",
        "Thal": "3",
        "Group": "1"
    },
    {
        "Age": "48",
        "Sex": "1",
        "CPT": "2",
        "RBP": "110",
        "SC": "229",
        "FBS": "0",
        "RER": "0",
        "MHRA": "168",
        "EIA": "0",
        "Oldpeak": "1",
        "SoP": "3",
        "NoMV": "0",
        "Thal": "7",
        "Group": "2"
    },
    {
        "Age": "52",
        "Sex": "1",
        "CPT": "3",
        "RBP": "172",
        "SC": "199",
        "FBS": "1",
        "RER": "0",
        "MHRA": "162",
        "EIA": "0",
        "Oldpeak": "0.5",
        "SoP": "1",
        "NoMV": "0",
        "Thal": "7",
        "Group": "1"
    },
    {
        "Age": "44",
        "Sex": "1",
        "CPT": "2",
        "RBP": "120",
        "SC": "263",
        "FBS": "0",
        "RER": "0",
        "MHRA": "173",
        "EIA": "0",
        "Oldpeak": "0",
        "SoP": "1",
        "NoMV": "0",
        "Thal": "7",
        "Group": "1"
    },
    {
        "Age": "56",
        "Sex": "0",
        "CPT": "2",
        "RBP": "140",
        "SC": "294",
        "FBS": "0",
        "RER": "2",
        "MHRA": "153",
        "EIA": "0",
        "Oldpeak": "1.3",
        "SoP": "2",
        "NoMV": "0",
        "Thal": "3",
        "Group": "1"
    },
    {
        "Age": "57",
        "Sex": "1",
        "CPT": "4",
        "RBP": "140",
        "SC": "192",
        "FBS": "0",
        "RER": "0",
        "MHRA": "148",
        "EIA": "0",
        "Oldpeak": "0.4",
        "SoP": "2",
        "NoMV": "0",
        "Thal": "6",
        "Group": "1"
    },
    {
        "Age": "67",
        "Sex": "1",
        "CPT": "4",
        "RBP": "160",
        "SC": "286",
        "FBS": "0",
        "RER": "2",
        "MHRA": "108",
        "EIA": "1",
        "Oldpeak": "1.5",
        "SoP": "2",
        "NoMV": "3",
        "Thal": "3",
        "Group": "2"
    }
]