[
    {        
        "color": "green",
        "root": "curled",
        "texture": "clear",  
        "touch": "hard",
        "density": "0.697",
        "sugar_content": "0.46",
        "label": "1"
    },
    {        
        "color": "black",
        "root": "curled",    
        "texture": "clear",  
        "touch": "hard",
        "density": "0.774",
        "sugar_content": "0.376",
        "label": "1"
    },
    {        
        "color": "black",
        "root": "curled",
        "texture": "clear",  
        "touch": "hard",
        "density": "0.634",
        "sugar_content": "0.264",
        "label": "1"
    },
    {        
        "color": "green",
        "root": "curled",    
        "texture": "clear",  
        "touch": "hard",
        "density": "0.608",
        "sugar_content": "0.318",
        "label": "1"
    },
    {        
        "color": "white",
        "root": "curled",
        "texture": "clear",  
        "touch": "hard",
        "density": "0.556",
        "sugar_content": "0.215",
        "label": "1"
    },
    {       
        "color": "green",
        "root": "little_curled",
        "texture": "clear",
        "touch": "soft",
        "density": "0.403",
        "sugar_content": "0.237",
        "label": "1"
    },
    {        
        "color": "black",
        "root": "little_curled",
        "texture": "little_blurry",
        "touch": "soft",
        "density": "0.481",
        "sugar_content": "0.149",
        "label": "1"
    },
    {        
        "color": "black",
        "root": "little_curled",
        "texture": "clear",
        "touch": "hard",
        "density": "0.437",
        "sugar_content": "0.211",
        "label": "1"
    },
    {        
        "color": "black",
        "root": "little_curled",    
        "texture": "little_blurry",
        "touch": "hard",
        "density": "0.666",
        "sugar_content": "0.091",
        "label": "0"
    },
    {
        "color": "green",
        "root": "straight",     
        "texture": "clear",
        "touch": "soft",
        "density": "0.243",
        "sugar_content": "0.267",
        "label": "0"
    },
    {
        "color": "white",
        "root": "straight",     
        "texture": "blurry",
        "touch": "hard",
        "density": "0.245",
        "sugar_content": "0.057",
        "label": "0"
    },
    {
        "color": "white",
        "root": "curled",
        "texture": "blurry",
        "touch": "soft",
        "density": "0.343",
        "sugar_content": "0.099",
        "label": "0"
    },
    {
        "color": "green",
        "root": "little_curled",
        "texture": "little_blurry",  
        "touch": "hard",
        "density": "0.639",
        "sugar_content": "0.161",
        "label": "0"
    },
    {
        "color": "white",
        "root": "little_curled",    
        "texture": "little_blurry",  
        "touch": "hard",
        "density": "0.657",
        "sugar_content": "0.198",
        "label": "0"
    },
    {
        "color": "black",
        "root": "little_curled",
        "texture": "clear",
        "touch": "soft",
        "density": "0.36",
        "sugar_content": "0.37",
        "label": "0"
    },
    {
        "color": "white",
        "root": "curled",
        "texture": "blurry",
        "touch": "hard",
        "density": "0.593",
        "sugar_content": "0.042",
        "label": "0"
    },
    {
        "color": "green",
        "root": "curled",    
        "texture": "little_blurry",
        "touch": "hard",
        "density": "0.719",
        "sugar_content": "0.103",
        "label": "0"
    }
]